{
	"강민석": {
		"max_prof": "김재광",
		"max_d": 106.68848757477677,
		"min_prof": "설한국",
		"min_d": 25.309811848287225,
		"x": 67.66738000000001,
		"y": 18.54406,
		"z": 0.0
	},
	"고재석": {
		"max_prof": "박천수",
		"max_d": 117.26209546264172,
		"min_prof": "전대석",
		"min_d": 18.74937925276461,
		"x": 52.87426,
		"y": 61.16614,
		"z": 0.0
	},
	"김동호": {
		"max_prof": "박천수",
		"max_d": 139.27515312550258,
		"min_prof": "제프리모지즈",
		"min_d": 2.73560989826766,
		"x": 19.060850000000002,
		"y": 41.99633,
		"z": 10.28955
	},
	"김명숙": {
		"max_prof": "박천수",
		"max_d": 105.61294010103543,
		"min_prof": "황숙희",
		"min_d": 7.15944986959892,
		"x": 52.4326,
		"y": 37.29091,
		"z": 14.54167
	},
	"김미량": {
		"max_prof": "안성진",
		"max_d": 138.3613042748174,
		"min_prof": "조디바론",
		"min_d": 54.26670081709409,
		"x": 32.111740000000005,
		"y": 12.88129,
		"z": 76.32989
	},
	"김은우": {
		"max_prof": "김재광",
		"max_d": 82.58899442705244,
		"min_prof": "유철",
		"min_d": 26.122999476593407,
		"x": 81.06514000000001,
		"y": 45.773900000000005,
		"z": 20.070320000000002
	},
	"김재광": {
		"max_prof": "박천수",
		"max_d": 149.34491232480403,
		"min_prof": "고재석",
		"min_d": 63.94086469694713,
		"x": 56.324630000000006,
		"y": 124.05144,
		"z": 11.04392
	},
	"김재현": {
		"max_prof": "김미량",
		"max_d": 108.87222840349784,
		"min_prof": "안용학",
		"min_d": 20.050455748690613,
		"x": 109.82353,
		"y": 33.93341,
		"z": 3.0438199999999997
	},
	"나왑무하마드파시": {
		"max_prof": "박천수",
		"max_d": 120.01737993740781,
		"min_prof": "양정아",
		"min_d": 9.749400658861036,
		"x": 38.41954,
		"y": 37.01817,
		"z": 9.63063
	},
	"노진아": {
		"max_prof": "박천수",
		"max_d": 121.3749419285027,
		"min_prof": "류은석",
		"min_d": 7.550040080595601,
		"x": 34.991789999999995,
		"y": 38.233450000000005,
		"z": 19.83003
	},
	"레이하트만": {
		"max_prof": "박천수",
		"max_d": 109.61584513567144,
		"min_prof": "한옥영",
		"min_d": 13.842296544905397,
		"x": 54.13231,
		"y": 62.564479999999996,
		"z": 41.818889999999996
	},
	"류은석": {
		"max_prof": "박천수",
		"max_d": 118.26880609995773,
		"min_prof": "한신일",
		"min_d": 7.236860224220164,
		"x": 36.37348,
		"y": 32.02006,
		"z": 23.890549999999998
	},
	"민무홍": {
		"max_prof": "박천수",
		"max_d": 134.39999640253603,
		"min_prof": "전대석",
		"min_d": 10.459807453036602,
		"x": 30.99295,
		"y": 55.614929999999994,
		"z": 0.0
	},
	"박천수": {
		"max_prof": "김재광",
		"max_d": 149.34491232480403,
		"min_prof": "안성진",
		"min_d": 42.697613836490916,
		"x": 151.96526,
		"y": 13.14693,
		"z": 40.317840000000004
	},
	"설한국": {
		"max_prof": "김재광",
		"max_d": 124.68091311106764,
		"min_prof": "강민석",
		"min_d": 25.309811848287225,
		"x": 50.44227,
		"y": 0.0,
		"z": 0.0
	},
	"안성진": {
		"max_prof": "김미량",
		"max_d": 138.3613042748174,
		"min_prof": "김재현",
		"min_d": 37.8440255777844,
		"x": 146.74293,
		"y": 26.19627,
		"z": 0.0
	},
	"안용학": {
		"max_prof": "김재광",
		"max_d": 112.36956893332508,
		"min_prof": "김재현",
		"min_d": 20.050455748690613,
		"x": 96.17255999999999,
		"y": 19.56654,
		"z": 0.0
	},
	"양정아": {
		"max_prof": "박천수",
		"max_d": 121.85206813274405,
		"min_prof": "나왑무하마드파시",
		"min_d": 9.749400658861036,
		"x": 39.668040000000005,
		"y": 37.88016,
		"z": 0.0
	},
	"원만희": {
		"max_prof": "박천수",
		"max_d": 147.3774136274677,
		"min_prof": "제프리모지즈",
		"min_d": 12.60605831162144,
		"x": 12.8548,
		"y": 53.30258,
		"z": 12.824100000000001
	},
	"유철": {
		"max_prof": "김미량",
		"max_d": 100.19036497536128,
		"min_prof": "김은우",
		"min_d": 26.122999476593407,
		"x": 100.32598,
		"y": 63.19153,
		"z": 22.90886
	},
	"윤상운": {
		"max_prof": "김재광",
		"max_d": 128.36738248013356,
		"min_prof": "안용학",
		"min_d": 21.431433084448642,
		"x": 87.4286,
		"y": 0.0,
		"z": 0.0
	},
	"전대석": {
		"max_prof": "박천수",
		"max_d": 129.12207677085627,
		"min_prof": "민무홍",
		"min_d": 10.459807453036602,
		"x": 36.00976,
		"y": 59.93176,
		"z": 8.09964
	},
	"제프리모지즈": {
		"max_prof": "박천수",
		"max_d": 140.1714012434566,
		"min_prof": "김동호",
		"min_d": 2.73560989826766,
		"x": 17.55422,
		"y": 41.60868,
		"z": 12.539739999999998
	},
	"조디바론": {
		"max_prof": "박천수",
		"max_d": 105.47753001947903,
		"min_prof": "한신일",
		"min_d": 15.991589655522054,
		"x": 50.09974,
		"y": 39.37947,
		"z": 32.52175
	},
	"줄리포티어": {
		"max_prof": "박천수",
		"max_d": 129.4190109979106,
		"min_prof": "김동호",
		"min_d": 10.21610095511492,
		"x": 29.2634,
		"y": 41.51782,
		"z": 10.508
	},
	"토머스존": {
		"max_prof": "박천수",
		"max_d": 129.88813238435836,
		"min_prof": "노진아",
		"min_d": 12.067277594196627,
		"x": 27.28567,
		"y": 46.083740000000006,
		"z": 24.79066
	},
	"한신일": {
		"max_prof": "박천수",
		"max_d": 111.65318992218137,
		"min_prof": "류은석",
		"min_d": 7.236860224220164,
		"x": 42.857029999999995,
		"y": 29.025859999999998,
		"z": 22.71987
	},
	"한옥영": {
		"max_prof": "박천수",
		"max_d": 119.44350000171461,
		"min_prof": "레이하트만",
		"min_d": 13.842296544905397,
		"x": 43.91108,
		"y": 63.44937,
		"z": 32.52628
	},
	"황숙희": {
		"max_prof": "박천수",
		"max_d": 109.69959345459307,
		"min_prof": "김명숙",
		"min_d": 7.15944986959892,
		"x": 50.07821,
		"y": 37.53187,
		"z": 7.7847100000000005
	}
}