{
	"user": {
		"x": 40,
		"y": 40,
		"z": 40,
		"강민석": 53.158642546137315,
		"min_d": 12.582290276853414,
		"min_prof": "조디바론",
		"max_d": 115.14081742613304,
		"max_prof": "박천수",
		"고재석": 47.05052659691707,
		"김동호": 36.402529793874216,
		"김명숙": 28.461118702134673,
		"김미량": 46.01640995670784,
		"김은우": 46.0095184644656,
		"김재광": 90.38579910404566,
		"김재현": 79.23312499252695,
		"나왑무하마드파시": 30.55630537478967,
		"노진아": 20.8573861283599,
		"레이하트만": 26.6868189269272,
		"류은석": 18.33972379880624,
		"민무홍": 43.87428618914956,
		"박천수": 115.14081742613304,
		"설한국": 57.52426446946453,
		"안성진": 114.82419634771149,
		"안용학": 71.92275567944542,
		"양정아": 40.057507649218515,
		"원만희": 40.649108950952424,
		"유철": 66.85191091659908,
		"윤상운": 73.82053981081418,
		"전대석": 37.82631412237782,
		"제프리모지즈": 35.50305297320781,
		"조디바론": 12.582290276853414,
		"줄리포티어": 31.422228137297967,
		"토머스존": 20.73620271342128,
		"한신일": 20.668750856725715,
		"한옥영": 24.920393070770373,
		"황숙희": 33.845042359038345
	}
}