{
	"user": {
		"x": 50,
		"y": 40,
		"z": 40,
		"강민석": 48.7082506085776,
		"min_d": 7.5046138215767,
		"min_prof": "조디바론",
		"max_d": 105.59231727212828,
		"max_prof": "안성진",
		"고재석": 45.34607869537564,
		"김동호": 42.940973153782856,
		"김명숙": 25.717373073022056,
		"김미량": 48.73679498391129,
		"김은우": 37.357368608241146,
		"김재광": 89.12407126964578,
		"김재현": 70.57915766061112,
		"나왑무하마드파시": 32.63888782047268,
		"노진아": 25.203070370641353,
		"레이하트만": 23.011738405400834,
		"류은석": 22.558277173057785,
		"민무홍": 46.95842830214188,
		"박천수": 105.44241384546402,
		"설한국": 56.570271368916906,
		"안성진": 105.59231727212828,
		"안용학": 64.4160817228524,
		"양정아": 41.36717441483283,
		"원만희": 47.90880982143472,
		"유철": 57.98843327079031,
		"윤상운": 67.8299351168789,
		"전대석": 40.13271533406131,
		"제프리모지즈": 42.53683545373821,
		"조디바론": 7.5046138215767,
		"줄리포티어": 36.084462322617476,
		"토머스존": 28.004940688601717,
		"한신일": 21.680790160356246,
		"한옥영": 25.353587335951104,
		"황숙희": 32.30979251380454
	}
}