{
	"user": {
		"x": 50,
		"y": 50,
		"z": 50,
		"강민석": 61.65721756086631,
		"min_d": 15.552257213620148,
		"min_prof": "레이하트만",
		"max_d": 111.47112660638987,
		"max_prof": "안성진",
		"고재석": 51.31222128350321,
		"김동호": 50.97263555471602,
		"김명숙": 37.74561799437122,
		"김미량": 48.89838019100224,
		"김은우": 43.34384142334411,
		"김재광": 83.9118160909231,
		"김재현": 77.72948537126308,
		"김현철": 61.16555522543714,
		"나왑무하마드파시": 43.9581732804879,
		"노진아": 35.69208814439833,
		"다니엘클리븐": 17.76907828765747,
		"레이하트만": 15.552257213620148,
		"류은석": 34.50599468232296,
		"민무홍": 53.78471333573695,
		"박천수": 108.85222660817784,
		"백미숙": 50.98463852615315,
		"설한국": 70.71206122545784,
		"손윤락": 45.195434498291974,
		"송창식": 63.216630576427434,
		"신정근": 61.19689699866571,
		"안성진": 111.47112660638987,
		"안용학": 74.55267120985806,
		"양정아": 52.47513619865317,
		"양정호": 59.01378969994132,
		"원만희": 52.656627868734624,
		"유수진": 48.64059303938738,
		"유철": 58.65705919325397,
		"윤상운": 80.00562541446695,
		"전대석": 45.277001226724366,
		"정원국": 71.22458498816543,
		"제프리모지즈": 50.263445667984215,
		"조디바론": 20.45225729867,
		"조원빈": 41.49054449364216,
		"줄리포티어": 45.404537450704204,
		"토머스존": 34.15828893507548,
		"한신일": 35.144587947184704,
		"한옥영": 22.87556317998969,
		"황숙희": 44.01807688081227
	}
}