{
	"user": {
		"x": 0,
		"y": 0,
		"z": 0,
		"강민석": 70.16235798024465,
		"min_d": 46.868731265294564,
		"min_prof": "제프리모지즈",
		"max_d": 157.77138599111723,
		"max_prof": "박천수",
		"고재석": 80.85161750421075,
		"김동호": 47.253386919816656,
		"김명숙": 65.96400289382838,
		"김미량": 83.80539114701274,
		"김은우": 95.23457664804313,
		"김재광": 136.6864729213425,
		"김재현": 114.98673356557877,
		"나왑무하마드파시": 54.21397419630293,
		"노진아": 55.492811751680954,
		"레이하트만": 92.70081285748577,
		"류은석": 54.028443148183534,
		"민무홍": 63.667757841841734,
		"박천수": 157.77138599111723,
		"설한국": 50.44227,
		"안성진": 149.06284603112138,
		"안용학": 98.14280811412112,
		"양정아": 54.84942952362586,
		"원만희": 56.31046491111932,
		"유철": 120.76128350262306,
		"윤상운": 87.4286,
		"전대석": 70.38553004762271,
		"제프리모지즈": 46.868731265294564,
		"조디바론": 71.54292996943164,
		"줄리포티어": 51.86997224900357,
		"토머스존": 59.01521585974333,
		"한신일": 56.52802899427327,
		"한옥영": 83.73747303807119,
		"황숙희": 63.06401582745187
	}
}